"store_type","total_sales","percentage_of_total_sales","total_orders"
"Local",4191902.0199996633,65.00963681834232,"77714"
"Mall Kiosk",704362.4400000073,10.923524976112295,"13041"
"Outlet",507724.0900000011,7.873981437864349,"9145"
"Super Store",1043067.7200000146,16.17629737780531,"19107"
"Web Portal",1067.77,0.016559389884195565,"43"
